{
   "Format": "1.11.0",
   "Changes": [
      {
         "Action": "Load",
         "Target": "Characters/Abigail",
         "FromFile": "assets/Abigail.png"
      },
	  {
         "Action": "Load",
         "Target": "Characters/Emily",
         "FromFile": "assets/Emily.png"
      },
	  {
         "Action": "Load",
         "Target": "Characters/Leah",
         "FromFile": "assets/Leah.png"
      },
	  {
         "Action": "Load",
         "Target": "Characters/Maru",
         "FromFile": "assets/Maru.png"
      },
	  	  {
         "Action": "Load",
         "Target": "Characters/Maru_Hospital",
         "FromFile": "assets/Maru_Hospital.png"
      },
	  	  {
         "Action": "Load",
         "Target": "Characters/Jodi",
         "FromFile": "assets/Jodi.png"
      },
   ]
}