{
    "Format": "1.10",
    "ConfigSchema": {
        "MapToReplace": {
            "AllowValues": "Standard, Forest, Riverland, Hilltop, Wilderness",
            "Default": "Forest",
        }
    },
    "DynamicTokens": [
        {
            "Name": "file",
            "Value": "Farm",
            "When": {
                "MapToReplace": "Standard"
            }
        },
        {
            "Name": "file",
            "Value": "Farm_Foraging",
            "When": {
                "MapToReplace": "Forest"
            }
        },
        {
            "Name": "file",
            "Value": "Farm_Fishing",
            "When": {
                "MapToReplace": "Riverland"
            }
        },
        {
            "Name": "file",
            "Value": "Farm_Mining",
            "When": {
                "MapToReplace": "Hilltop"
            }
        },
        {
            "Name": "file",
            "Value": "Farm_Combat",
            "When": {
                "MapToReplace": "Wilderness"
            }
        }
    ],
    "Changes": [
        {
            "Action": "Load",
            "Target": "Maps/{{file}}",
            "FromFile": "assets/farm.tmx"
        },
        {
            "Action": "Load",
            "Target": "Maps/Farm_Greenhouse_Dirt",
            "FromFile": "assets/Farm_Greenhouse_Dirt.tbin",
            "When": {
                "FarmType": "{{MapToReplace}}"
            }
        }
    ]
}